{
    "train_loss": [
        0.13729512425528073,
        0.08267844946872145,
        0.06385214880331665,
        0.06115888211550477,
        0.05100662115978454,
        0.04033551057386412,
        0.03510325807323494,
        0.03209372489898647,
        0.028908247967140657,
        0.033020671778087124,
        0.022851400943315857,
        0.01896778544137389,
        0.013547770614897193,
        0.02006709093888711,
        0.01816020198828795,
        0.014482294914065011,
        0.012119357853234593,
        0.010281972835788456,
        0.012970061580014153,
        0.01077094856428948
    ],
    "train_acc": [
        0.9511119631901841,
        0.9718174846625767,
        0.9754601226993865,
        0.9796779141104295,
        0.9810199386503068,
        0.9858128834355828,
        0.9869631901840491,
        0.9894555214723927,
        0.9886886503067485,
        0.9884969325153374,
        0.99079754601227,
        0.9929064417177914,
        0.995207055214724,
        0.9919478527607362,
        0.9925230061349694,
        0.9942484662576687,
        0.995782208588957,
        0.995782208588957,
        0.9948236196319018,
        0.995398773006135
    ],
    "val_loss": [
        0.03716624528169632,
        0.17300207912921906,
        0.16136567294597626,
        0.3861728608608246,
        0.04705419763922691,
        0.028832077980041504,
        0.24363908171653748,
        0.041682999581098557,
        0.033854879438877106,
        0.13664127886295319,
        0.05370648205280304,
        0.07793579250574112,
        0.2934892475605011,
        0.02051692083477974,
        0.0046395896933972836,
        0.020703857764601707,
        0.005884066224098206,
        0.04825366660952568,
        0.058665793389081955,
        0.03505920618772507
    ],
    "val_acc": [
        1.0,
        0.875,
        0.9375,
        0.75,
        1.0,
        1.0,
        0.875,
        1.0,
        1.0,
        1.0,
        1.0,
        0.9375,
        0.8125,
        1.0,
        1.0,
        1.0,
        1.0,
        1.0,
        1.0,
        1.0
    ]
}